MaxAbsEStateIndex,MinEStateIndex,qed,SPS,MolWt,FpDensityMorgan1,BCUT2D_MWHI,BCUT2D_LOGPLOW,AvgIpc,BalabanJ,PEOE_VSA11,PEOE_VSA13,PEOE_VSA14,PEOE_VSA3,PEOE_VSA4,PEOE_VSA5,PEOE_VSA6,PEOE_VSA9,SMR_VSA6,SMR_VSA7,SMR_VSA9,SlogP_VSA10,SlogP_VSA12,SlogP_VSA4,SlogP_VSA7,SlogP_VSA8,EState_VSA3,EState_VSA4,EState_VSA5,EState_VSA6,EState_VSA7,VSA_EState8,NumAliphaticCarbocycles,NumAromaticHeterocycles,NumSaturatedHeterocycles,Value
13.355623,-4.201371,0.520989,11.258064,443.477,0.9032258,32.23343,-2.3552146,2.753819,2.1532226,0.0,10.023292,11.938611,8.417797,0.0,0.0,30.331835,17.692667,17.95977,66.22712,5.7495117,5.6873865,0.0,0.0,0.0,10.772449,16.521961,9.868668,37.44163,30.331835,0.0,-0.7710026,0.0,0.0,0.0,5.03
13.463684,-3.8043475,0.58150446,16.5,452.576,1.0,32.233273,-2.2269042,3.226228,1.7695563,0.0,10.023292,5.9693055,8.417797,0.0,0.0,30.331835,16.500776,22.711517,64.718376,0.0,11.374773,0.0,33.612854,0.0,10.772449,30.093204,38.713642,0.0,6.066367,64.093155,8.627745,0.0,0.0,1.0,6.7
12.95032,-3.7171488,0.39264867,12.823529,498.992,1.0882353,35.495693,-2.2631319,3.1907542,1.6916426,0.0,0.0,5.9693055,13.0996,4.305216,5.098682,53.21253,16.833006,7.047672,88.44302,0.0,0.0,11.60094,0.0,5.022633,11.0334015,16.102785,16.643604,23.485622,48.127678,18.1991,0.034611363,0.0,1.0,0.0,6.57
13.12474,-0.95587254,0.7880719,24.466667,404.422,0.93333334,16.367598,-2.4688663,3.5314515,1.4714987,0.0,11.81436,5.9693055,0.0,0.0,0.0,36.3982,35.549313,13.089513,70.784744,0.0,0.0,0.0,11.835813,0.0,0.0,30.513302,11.126903,4.8999095,29.165379,24.265469,0.4921427,1.0,0.0,0.0,4.68
15.637987,-2.3195329,0.014190959,20.540146,1956.106,0.6277372,32.16637,-2.6136289,1.6701981,1.4149575,5.9595547,0.0,17.907915,9.374393,11.761885,0.0,52.314873,63.373783,57.884045,54.243855,0.0,4.390415,11.761885,17.245096,0.0,10.902925,33.539963,6.923737,45.05726,44.309788,6.2557693,2.5704288,0.0,2.0,2.0,7.59
14.116867,-1.9373009,0.033528794,14.3625,1127.216,0.475,16.373007,-2.6057189,3.3559585,2.381881,0.0,0.0,17.907915,0.0,0.0,0.0,70.159515,19.069544,6.5447564,65.724205,5.7495117,0.0,0.0,11.835813,0.0,0.0,11.126903,13.847474,24.265469,44.17931,13.847474,8.318633,0.0,0.0,0.0,4.43
13.52777,-4.232489,0.49958065,15.911765,484.53,1.0294118,32.23343,-2.3679805,3.3181992,1.868174,0.0,10.023292,11.938611,13.212335,0.0,0.0,24.265469,17.692667,29.404436,60.66367,5.7495117,11.374773,0.0,0.0,0.0,10.772449,35.174923,10.726038,31.375265,41.29811,0.0,-0.21977837,0.0,0.0,1.0,7.37
14.524653,-4.6110425,0.1517407,13.206897,848.978,0.70689654,32.236195,-2.429257,3.6336045,1.4388748,0.0,41.88423,0.0,34.697582,0.0,0.0,48.530937,36.807747,43.62403,131.95132,17.248535,11.374773,0.0,6.923737,0.0,0.0,22.5638,9.868668,88.05943,60.354584,4.722095,0.896006,0.0,0.0,0.0,6.82
14.5559845,-4.6074624,0.12986565,13.098361,893.031,0.72131145,32.236195,-2.4292302,3.66251,1.4136282,0.0,41.88423,0.0,34.697582,0.0,0.0,24.265469,43.414627,50.23091,125.884964,22.998047,11.374773,0.0,6.923737,0.0,0.0,40.66971,9.868668,94.1258,55.145588,4.722095,2.9913745,0.0,0.0,0.0,7.32
16.082289,-2.3284516,0.009576363,18.268183,3113.591,0.3909091,32.166378,-2.620174,1.6704589,1.0990472,17.878664,0.0,17.907915,4.390415,11.761885,5.098682,112.48002,43.770893,70.91143,119.837585,0.0,4.390415,11.761885,28.063663,0.0,21.80585,49.816936,17.802383,17.958729,119.01033,0.0,4.933446,0.0,3.0,1.0,8.38
15.047154,-1.9398166,0.03390779,17.210526,1079.147,0.6315789,19.144241,-2.6026754,3.716176,2.2988453,0.0,0.0,17.907915,4.390415,0.0,0.0,58.026783,25.614302,13.089513,35.895287,0.0,4.390415,0.0,11.835813,0.0,0.0,10.463361,13.847474,0.0,58.026783,0.0,7.45238,0.0,0.0,1.0,7.89
13.977748,-4.2629642,0.41753477,13.631579,538.622,1.0263158,32.23343,-2.3682656,3.2525818,1.8494655,6.041841,10.023292,11.938611,13.212335,0.0,0.0,35.895287,17.692667,29.404436,82.41456,5.7495117,11.374773,0.0,20.771212,0.0,0.0,46.65628,9.868668,7.1097975,73.34469,6.923737,4.780037,0.0,0.0,0.0,5.63
11.232854,-0.84796965,0.8022971,12.454545,315.76,1.2272727,35.495693,-2.0766883,2.8648717,2.0615892,0.0,0.0,5.9693055,4.6818027,0.0,5.098682,35.013428,11.937522,0.0,58.614105,0.0,0.0,11.60094,0.0,5.022633,11.0334015,5.022633,22.160305,0.0,16.814537,37.37951,0.0,0.0,1.0,0.0,4.21
13.36662,-4.062021,0.22984292,11.675,582.7,0.7,32.2347,-2.1703813,2.9117641,1.7810049,0.0,20.046583,0.0,16.835594,0.0,0.0,24.265469,34.379505,22.657953,84.42622,11.499023,11.374773,0.0,0.0,0.0,10.772449,41.048687,0.0,37.255573,48.530937,13.847474,5.931253,0.0,0.0,0.0,5.82
13.390976,-1.9364531,0.09199746,24.8125,928.928,0.71875,32.166496,-2.6081576,3.2184806,2.4596076,0.0,0.0,23.877222,4.794537,11.761885,0.0,12.132734,38.32515,31.264227,29.82892,5.7495117,0.0,11.761885,0.0,0.0,0.0,11.3129635,18.685621,12.132734,12.132734,5.3167887,-1.0161368,0.0,0.0,0.0,8.55
12.807661,-3.892807,0.39455628,12.16129,444.465,0.9354839,32.233273,-2.313622,2.7405212,1.9670844,0.0,10.023292,11.938611,13.212335,0.0,0.0,24.265469,24.11349,17.148682,60.66367,5.7495117,11.374773,0.0,0.0,0.0,10.772449,27.896732,0.0,43.508,24.265469,0.0,0.0,0.0,0.0,0.0,5.0
14.247345,-1.9121156,0.065655746,24.97619,1187.272,0.52380955,16.373125,-2.6049151,4.14433,2.1601791,0.0,0.0,17.907915,0.0,0.0,0.0,58.026783,25.614302,19.63427,35.895287,0.0,0.0,0.0,11.835813,0.0,0.0,5.5634513,11.823647,0.0,58.026783,0.0,5.8050976,0.0,0.0,2.0,7.74
14.256131,-4.368431,0.20875382,13.479167,756.697,0.9583333,79.91873,-2.4219654,3.4284215,1.6293916,0.0,25.953762,5.9693055,21.55769,0.0,0.0,48.028023,17.692667,29.404436,111.15275,5.7495117,11.374773,15.929944,20.771212,0.0,0.0,33.690704,9.868668,19.24253,85.477425,6.923737,4.5450635,0.0,0.0,0.0,5.63
14.274527,-4.4095397,0.2144794,13.367347,707.827,0.8979592,32.234787,-2.4219346,3.4640734,1.6280066,0.0,25.953762,5.9693055,21.55769,0.0,0.0,48.028023,24.802465,36.514233,106.68003,11.499023,11.374773,0.0,20.771212,0.0,0.0,33.690704,9.868668,38.48506,73.34469,6.923737,4.515641,0.0,0.0,0.0,5.88
13.67975,-1.9683162,0.030880153,14.621622,1051.118,0.5135135,16.373005,-2.6097765,3.2940905,3.2661781,0.0,0.0,17.907915,0.0,0.0,0.0,58.026783,25.676426,13.151638,35.895287,0.0,0.0,0.0,11.835813,0.0,0.0,5.5634513,13.847474,0.0,58.026783,5.3167887,7.019939,0.0,0.0,0.0,6.55
13.637378,-4.3624053,0.2733324,13.476191,620.702,0.64285713,32.234863,-2.438155,2.9771228,2.0697317,0.0,0.0,11.938611,16.835594,8.610432,0.0,24.265469,24.010563,14.219595,83.92331,11.499023,0.0,0.0,0.0,0.0,0.0,11.499023,8.610432,88.73074,12.132734,0.0,1.5730963,0.0,0.0,0.0,6.82
14.611779,-4.666205,0.1517407,13.206897,848.978,0.70689654,32.236195,-2.4298778,3.6329756,1.4461726,0.0,41.88423,0.0,34.697582,0.0,0.0,54.597305,31.912262,43.62403,131.95132,17.248535,11.374773,0.0,6.923737,0.0,0.0,22.5638,9.868668,88.05943,60.354584,4.722095,0.87813336,0.0,0.0,0.0,6.8
11.337939,-0.90301734,0.74190855,12.458333,345.786,1.25,35.495693,-2.084569,2.9357297,2.087891,0.0,0.0,5.9693055,4.6818027,0.0,5.098682,35.013428,18.544405,0.0,58.11119,0.0,0.0,11.60094,0.0,5.022633,11.0334015,16.102785,16.643604,0.0,29.928576,18.1991,-0.19874936,0.0,1.0,0.0,3.85
14.284731,-4.3665614,0.2059876,13.448979,705.855,0.93877554,32.234787,-2.4231143,3.4640734,1.6280066,0.0,25.953762,5.9693055,21.55769,0.0,0.0,61.018124,22.58815,29.404436,112.243484,5.7495117,11.374773,0.0,20.771212,0.0,0.0,45.674976,9.868668,13.176165,91.54379,13.847474,6.396658,0.0,0.0,0.0,5.45
13.842654,-4.091247,0.55882156,13.121212,464.587,1.0,32.23343,-2.367488,3.1446497,1.7942191,0.0,10.023292,5.9693055,8.417797,0.0,0.0,54.094387,10.58287,22.294638,88.48093,0.0,11.374773,0.0,20.771212,0.0,0.0,29.779867,33.227715,0.0,25.98021,43.32194,6.2328095,0.0,0.0,0.0,4.38
14.347101,-4.518975,0.17795525,14.727273,812.945,0.8181818,32.236225,-2.4365635,3.947027,1.4271716,0.0,31.86094,0.0,29.975487,0.0,0.0,24.265469,37.1622,43.62403,101.61949,17.248535,11.374773,0.0,6.923737,0.0,0.0,41.154957,9.868668,69.86033,48.221848,4.722095,1.0026603,1.0,0.0,0.0,6.21
13.359842,-3.8855355,0.3355124,11.777778,526.636,0.5277778,32.23486,-2.280852,2.9120493,1.7772555,0.0,20.046583,0.0,16.835594,0.0,0.0,24.265469,35.385334,36.92537,84.92914,11.499023,11.374773,0.0,0.0,0.0,10.772449,33.646244,0.0,61.190838,60.66367,0.0,0.0,0.0,0.0,0.0,5.64
15.798901,-2.18339,0.009833418,16.038961,2186.451,0.5064935,32.166374,-2.613632,1.6869687,1.1299195,5.9595547,0.0,11.938611,18.155224,11.761885,0.0,110.34166,63.373783,51.339287,125.53613,0.0,13.171246,11.761885,40.71535,0.0,10.902925,45.16978,19.05647,31.209785,116.184044,6.2557693,10.553955,0.0,2.0,1.0,7.0
14.558215,-4.6563835,0.13450465,13.1,876.004,0.75,32.236195,-2.4292512,3.634079,1.4339093,0.0,41.88423,0.0,34.697582,0.0,0.0,42.46457,29.697948,41.83102,131.95132,11.499023,17.062159,0.0,6.923737,0.0,0.0,28.251188,9.868668,93.939735,54.288216,4.722095,2.1242056,0.0,0.0,0.0,6.64
13.481367,-4.245986,0.3954853,12.3529415,486.546,0.9705882,32.23343,-2.3596683,2.8006537,2.1648312,0.0,10.023292,11.938611,13.212335,0.0,0.0,38.11294,17.692667,23.276558,60.66367,5.7495117,11.374773,0.0,5.9179063,0.0,10.772449,22.209347,4.305216,37.44163,44.17931,0.0,2.7555711,0.0,0.0,0.0,5.37
13.131153,-3.8103201,0.38139102,12.971429,517.011,1.1428572,35.495693,-2.2681308,3.3485503,1.6964035,0.0,0.0,5.9693055,13.0996,9.403898,5.098682,35.013428,23.828295,7.047672,70.00196,0.0,0.0,11.60094,6.923737,5.022633,11.0334015,27.360165,11.0801525,22.231535,43.899986,18.1991,1.6925495,0.0,2.0,0.0,6.49
13.672196,-4.499135,0.23916322,11.571428,615.642,0.6904762,32.234863,-2.3744268,2.9780052,1.9212937,5.817863,20.046583,11.938611,26.124788,0.0,0.0,24.265469,35.89479,35.91954,78.99325,11.499023,11.505249,0.0,0.0,0.0,10.772449,20.109455,6.1968436,87.016,0.0,0.0,-1.9900187,0.0,1.0,0.0,7.22
13.341639,-4.219388,0.5148662,11.5161295,441.461,0.9677419,32.23343,-2.3549721,2.753819,2.200294,0.0,10.023292,11.938611,13.212335,0.0,0.0,30.331835,17.692667,17.95977,72.30314,5.7495117,5.6873865,0.0,0.0,0.0,16.848469,22.085411,10.381236,43.517654,30.331835,0.0,-0.78901917,0.0,0.0,0.0,4.89
13.864507,-4.161557,0.41043866,11.529411,478.57,1.0,32.23343,-2.3625438,3.2063956,1.9250206,0.0,10.023292,5.9693055,8.417797,0.0,0.0,29.82892,23.209368,17.95977,83.550865,11.436898,5.6873865,0.0,20.771212,0.0,16.590311,27.950026,21.072754,0.0,51.28911,48.019516,4.6560974,0.0,1.0,0.0,4.0
14.306981,-4.490074,0.19788827,13.254902,737.853,0.8627451,32.234787,-2.4219928,3.4959183,1.6209834,0.0,25.953762,5.9693055,21.55769,0.0,0.0,35.895287,31.912262,43.62403,100.61366,17.248535,11.374773,0.0,20.771212,0.0,0.0,39.440216,9.868668,45.59486,67.27832,6.923737,4.480053,0.0,0.0,0.0,6.19
13.873334,-0.96015596,0.5534328,23.0,506.555,0.972973,16.486732,-2.4997144,3.1596715,1.4903482,0.0,11.81436,5.9693055,0.0,0.0,0.0,31.040745,42.156193,26.303276,64.718376,5.7495117,0.0,0.0,11.835813,0.0,0.0,42.683636,23.968546,4.8999095,35.231747,12.132734,0.35350952,1.0,0.0,0.0,5.7
14.115955,-4.2504,0.11632624,11.906977,622.725,0.7906977,32.23473,-2.3028247,3.2971213,1.7497134,0.0,25.953762,0.0,26.650671,0.0,0.0,24.265469,39.77227,17.93586,90.12015,11.499023,5.6873865,0.0,6.923737,0.0,21.675373,35.485237,3.972406,37.255573,48.530937,13.847474,5.9920197,0.0,1.0,0.0,6.8
13.3774395,-1.8083489,0.044658598,16.821428,801.804,0.6785714,16.37687,-2.5975406,3.575714,3.0915337,0.0,0.0,23.877222,4.794537,0.0,0.0,13.847474,19.069544,13.089513,0.0,0.0,0.0,0.0,5.9179063,0.0,0.0,0.0,18.747385,0.0,13.847474,0.0,4.668758,0.0,0.0,1.0,6.94
16.015162,-2.388141,0.009762956,18.325687,3089.565,0.36697248,32.166378,-2.6201723,1.658619,1.2180508,17.878664,0.0,17.907915,4.390415,11.761885,0.0,107.26663,38.07696,77.456184,107.946815,0.0,4.390415,11.761885,28.063663,0.0,21.80585,49.816936,6.923737,17.958729,119.01033,0.0,4.382547,0.0,2.0,2.0,8.32
13.661022,-3.738954,0.37208557,16.051283,549.653,1.0769231,32.23343,-2.333073,3.2586477,1.5512786,0.0,0.0,5.9693055,13.0996,4.305216,5.098682,35.54522,19.218006,32.146893,76.85111,5.7495117,5.6873865,0.0,6.923737,0.0,11.0334015,30.043112,27.770506,4.305216,30.972006,61.335888,2.991844,0.0,1.0,0.0,7.43
13.514342,-4.324224,0.30458307,12.594595,550.611,0.9459459,32.23376,-2.356963,2.839691,2.1037087,0.0,10.023292,11.938611,21.63013,0.0,0.0,24.265469,23.44552,35.285183,60.66367,5.7495117,11.374773,0.0,0.0,0.0,10.772449,22.209347,10.560986,43.508,24.265469,0.0,-0.8638467,0.0,0.0,0.0,5.97
13.673906,-4.291103,0.1774184,12.219512,573.627,0.902439,32.23343,-2.3571134,3.3809104,1.5449848,0.0,10.023292,11.938611,13.212335,0.0,0.0,42.46457,17.692667,23.276558,96.68943,5.7495117,11.374773,0.0,0.0,0.0,21.675373,22.209347,20.771593,37.44163,36.52868,24.265469,-0.81602514,0.0,1.0,0.0,6.23
13.374903,-4.302445,0.2832669,11.9,592.648,0.625,32.234863,-2.3693526,2.9241412,1.9875443,0.0,0.0,11.938611,16.835594,8.610432,0.0,24.265469,24.010563,27.309109,83.92331,11.499023,0.0,0.0,0.0,0.0,0.0,22.625927,8.610432,74.88326,12.132734,0.0,-2.5713995,0.0,0.0,0.0,5.64
14.280321,-4.3670073,0.21668068,13.469388,705.855,0.877551,32.234787,-2.4216096,3.4227688,1.6257832,0.0,25.953762,5.9693055,21.55769,0.0,0.0,41.961655,22.58815,29.404436,111.74056,5.7495117,11.374773,0.0,34.618687,0.0,0.0,33.690704,20.995571,19.24253,87.19216,12.990105,8.098412,0.0,0.0,0.0,5.17
15.559652,-4.3853536,0.4897648,11.181818,472.538,1.060606,32.23343,-2.3683858,2.7252479,2.1205258,5.8172207,10.023292,5.9693055,12.808212,0.0,0.0,29.82892,23.380054,23.276558,77.10488,5.7495117,21.452574,0.0,26.588432,0.0,0.0,26.869017,5.5634513,25.308899,50.245678,6.923737,4.152119,0.0,0.0,0.0,4.1
15.99239,-2.2357137,0.015809111,16.651686,2511.967,0.35955057,19.147055,-2.6112232,1.657307,1.3652159,11.919109,0.0,11.938611,13.171246,0.0,0.0,177.86429,38.200897,39.26854,107.18757,0.0,13.171246,0.0,69.79626,0.0,0.0,41.47958,25.477293,12.132734,124.69205,34.618687,26.558485,0.0,0.0,2.0,7.26
13.684967,-4.135703,0.4855186,11.181818,468.575,0.969697,32.23343,-2.3619726,2.724295,2.0990465,0.0,10.023292,5.9693055,8.417797,0.0,0.0,29.82892,17.692667,23.276558,76.85111,5.7495117,17.062159,0.0,27.694948,0.0,0.0,22.5638,21.119505,0.0,51.28911,38.11294,6.5166116,0.0,0.0,0.0,4.02
14.357838,-1.9260051,0.029812181,14.373494,1166.253,0.5421687,16.373026,-2.6082597,4.0732923,1.9154847,0.0,0.0,17.907915,0.0,0.0,0.0,58.026783,19.069544,6.5447564,65.85468,5.7495117,0.0,0.0,11.835813,0.0,10.902925,16.466377,13.847474,24.395945,58.026783,0.0,8.301009,0.0,1.0,0.0,4.53
13.812636,-4.2354465,0.45532018,11.088235,484.574,0.9705882,32.23343,-2.364811,2.7601156,2.167085,5.7495117,10.023292,5.9693055,8.417797,0.0,0.0,29.82892,30.489851,30.386356,71.28766,11.499023,17.062159,0.0,20.771212,0.0,0.0,28.251188,9.868668,13.176165,57.355473,19.05647,4.503855,0.0,0.0,0.0,4.26
14.232475,-4.3598976,0.23382434,13.489362,677.801,0.9148936,32.234783,-2.4211228,3.4320529,1.6246461,0.0,25.953762,5.9693055,21.55769,0.0,0.0,54.094387,22.58815,29.404436,112.7464,5.7495117,11.374773,0.0,20.771212,0.0,0.0,33.690704,9.868668,19.24253,91.54379,6.923737,4.5644264,0.0,0.0,0.0,5.74
13.463684,-3.8043475,0.58150446,16.5,452.576,1.0,32.233273,-2.2269042,3.226228,1.7695563,0.0,10.023292,5.9693055,8.417797,0.0,0.0,30.331835,16.500776,22.711517,64.718376,0.0,11.374773,0.0,33.612854,0.0,10.772449,30.093204,38.713642,0.0,6.066367,64.093155,8.627745,0.0,0.0,1.0,6.85
13.788704,-4.34558,0.29581907,12.589744,569.657,0.7692308,32.233772,-2.4314303,2.936047,1.844843,9.837254,10.023292,5.9693055,21.63013,0.0,0.0,30.331835,35.4508,18.52481,90.49259,11.499023,5.6873865,0.0,0.0,0.0,10.772449,27.834923,4.305216,69.67427,36.3982,0.0,1.2780035,0.0,0.0,0.0,6.82
13.219568,-1.8319391,0.044728152,14.315789,809.783,0.57894737,16.376823,-2.5966313,3.1117682,3.0233295,0.0,0.0,23.877222,4.794537,0.0,0.0,30.331835,19.069544,6.5447564,35.895287,0.0,0.0,0.0,0.0,0.0,0.0,5.5634513,20.771212,0.0,30.331835,0.0,2.3169198,0.0,0.0,0.0,6.14
15.508888,-2.2592952,0.012555892,23.099098,1599.764,0.6576577,32.116875,-2.603827,1.7056574,2.0213723,5.9595547,0.0,17.907915,4.390415,12.628789,0.0,41.542423,38.200897,45.021393,0.0,0.0,4.390415,12.628789,23.163002,0.0,0.0,11.320731,6.923737,18.747385,13.847474,13.847474,7.378026,0.0,0.0,3.0,8.32
13.796953,-4.993687,0.25426343,12.116279,639.63,0.7906977,32.234863,-2.3948607,2.9746785,1.9362023,5.817863,20.046583,12.145604,26.124788,13.171246,0.0,24.265469,35.89479,35.91954,78.99325,11.499023,24.676495,0.0,0.0,0.0,10.772449,10.054728,18.329578,74.88326,0.0,0.0,-3.0312636,0.0,1.0,0.0,7.14
12.993404,-3.6585069,0.41396055,12.823529,478.574,1.0588236,32.233425,-2.2652826,3.1907542,1.6916426,0.0,0.0,5.9693055,13.0996,4.305216,5.098682,47.677956,16.833006,7.047672,88.98384,0.0,0.0,0.0,6.923737,0.0,11.0334015,5.5167007,27.770506,4.305216,49.108982,43.32194,2.08313,0.0,1.0,0.0,6.89
13.422723,-0.6160289,0.7101323,24.0625,433.464,0.96875,16.255693,-2.5238833,2.9791582,1.5008664,0.0,11.81436,0.0,0.0,0.0,0.0,24.265469,23.713501,13.089513,64.718376,5.7495117,0.0,0.0,11.835813,0.0,0.0,48.061028,0.0,4.8999095,41.29811,6.066367,0.2933757,1.0,0.0,0.0,5.81
13.341821,-0.9354891,0.45623845,17.794117,457.574,1.0588236,16.365883,-2.3500655,3.415477,1.4330841,0.0,5.90718,5.9693055,9.47634,5.098682,0.0,44.03085,17.578157,6.5447564,71.548615,16.81429,0.0,0.0,0.0,0.0,16.81429,6.041841,79.56218,6.1968436,4.6818027,48.530937,3.0278919,1.0,1.0,1.0,8.0
13.888599,-4.1276684,0.5321002,13.0,480.586,1.0588236,32.23343,-2.3673913,3.2063956,1.8486667,0.0,10.023292,5.9693055,8.417797,0.0,0.0,29.82892,17.692667,29.404436,76.85111,5.7495117,17.062159,0.0,20.771212,0.0,0.0,29.779867,32.556404,0.0,45.22274,37.255573,5.3690143,0.0,0.0,0.0,4.84
14.541405,-4.5879955,0.13654493,13.183333,877.032,0.73333335,32.236195,-2.4292696,3.6586905,1.4225291,0.0,41.88423,0.0,34.697582,0.0,0.0,43.32194,36.807747,43.62403,131.44841,17.248535,11.374773,0.0,6.923737,0.0,0.0,34.734135,15.432119,81.993065,60.354584,11.645832,2.8178816,0.0,0.0,0.0,6.72
13.353476,-3.859821,0.39286813,16.147058,493.61,1.0588236,32.248116,-2.2256355,3.475039,1.4904914,4.2091794,10.023292,5.9693055,13.401775,0.0,11.336786,54.597305,17.299221,22.711517,72.423965,10.571075,11.374773,11.336786,12.841643,0.0,21.343523,35.899273,33.360073,0.0,12.990105,60.66367,2.7837625,0.0,1.0,1.0,6.4
15.962056,-2.358484,0.016356897,18.819876,2290.534,0.4037267,19.144274,-2.610595,1.6665976,2.3679242,53.63599,0.0,17.907915,4.390415,0.0,5.098682,5.213385,37.35007,71.99232,11.890772,0.0,4.390415,0.0,48.68355,0.0,0.0,4.8999095,17.802383,0.0,0.0,0.0,-2.6859386,0.0,1.0,1.0,8.13
14.132513,-1.9572947,0.0307096,14.333333,1143.215,0.4814815,16.373415,-2.6082785,3.3904996,2.4308152,11.499023,0.0,17.907915,0.0,0.0,0.0,64.093155,19.069544,6.5447564,59.65784,11.499023,0.0,0.0,11.835813,0.0,0.0,5.5634513,25.98021,6.066367,58.026783,0.0,8.199819,0.0,0.0,0.0,4.52
14.935029,-1.888824,0.04019496,16.776316,1069.155,0.6447368,19.144241,-2.5809138,3.7479134,1.7684463,0.0,0.0,11.938611,4.390415,0.0,0.0,88.35862,26.05509,19.63427,71.79057,0.0,4.390415,0.0,11.835813,0.0,0.0,10.463361,6.923737,24.265469,64.093155,0.0,5.7156553,0.0,0.0,1.0,5.22
13.768073,-1.9531662,0.030209249,14.454545,1092.171,0.48051947,16.372894,-2.6053834,3.314683,3.3743048,0.0,0.0,17.907915,0.0,0.0,0.0,58.026783,19.069544,6.5447564,35.895287,0.0,0.0,0.0,11.835813,0.0,0.0,5.5634513,13.847474,0.0,58.026783,0.0,8.190956,0.0,0.0,0.0,6.78
13.691386,-1.8966722,0.030637093,14.586667,1065.145,0.50666666,16.372967,-2.6058495,3.301403,3.289086,0.0,0.0,17.907915,0.0,0.0,0.0,58.026783,19.069544,13.151638,35.895287,0.0,0.0,0.0,11.835813,0.0,0.0,5.5634513,13.847474,0.0,58.026783,0.0,7.4704533,0.0,0.0,0.0,4.56
14.957349,-2.0086157,0.09161433,26.96875,916.871,0.75,19.144238,-2.6019466,3.593877,2.5886316,0.0,0.0,17.907915,4.390415,0.0,0.0,0.0,25.614302,19.63427,0.0,0.0,4.390415,0.0,0.0,0.0,0.0,4.8999095,13.847474,0.0,0.0,0.0,-0.095295005,0.0,0.0,2.0,7.36
12.887353,-3.7991326,0.62397444,16.566668,426.494,1.0666667,32.233273,-2.3551905,3.237616,1.731758,0.0,10.023292,5.9693055,13.212335,0.0,0.0,24.265469,17.692667,23.276558,60.66367,5.7495117,11.374773,0.0,0.0,0.0,10.772449,29.7887,17.494432,19.24253,24.265469,29.165379,0.6506776,0.0,0.0,1.0,4.74
14.362021,-4.4937077,0.19234565,12.409091,631.728,0.6818182,32.233772,-2.390076,3.038224,1.7021523,15.879094,10.023292,5.9693055,25.935347,0.0,0.0,60.66367,35.4508,18.52481,126.38788,11.499023,5.6873865,0.0,0.0,0.0,10.772449,27.834923,4.305216,62.75053,66.73004,0.0,0.0,0.0,0.0,0.0,4.85
11.232854,-0.84796965,0.8022971,12.454545,315.76,1.2272727,35.495693,-2.0766883,2.8648717,2.0615892,0.0,0.0,5.9693055,4.6818027,0.0,5.098682,35.013428,11.937522,0.0,58.614105,0.0,0.0,11.60094,0.0,5.022633,11.0334015,5.022633,22.160305,0.0,16.814537,37.37951,0.0,0.0,1.0,0.0,4.33
13.755368,-1.9531662,0.030209249,14.454545,1092.171,0.48051947,16.372908,-2.605229,3.314683,3.3743048,0.0,0.0,17.907915,0.0,0.0,0.0,58.026783,19.069544,6.5447564,35.895287,0.0,0.0,0.0,11.835813,0.0,0.0,5.5634513,13.847474,0.0,58.026783,0.0,8.204757,0.0,0.0,0.0,4.66
13.59526,-4.2732396,0.26031378,12.026316,534.59,0.8684211,32.23343,-2.3571243,2.917601,1.7745509,0.0,10.023292,11.938611,13.212335,0.0,0.0,54.597305,17.692667,23.276558,96.55896,5.7495117,11.374773,0.0,0.0,0.0,10.772449,22.209347,9.868668,37.44163,30.331835,30.331835,-0.8086407,0.0,0.0,0.0,6.52
13.050051,-3.6840465,0.3664743,12.694445,508.6,1.1111112,32.23343,-2.2653017,3.2402573,1.7377138,0.0,0.0,5.9693055,13.0996,4.305216,5.098682,41.611588,18.426104,14.15747,82.91747,5.7495117,0.0,0.0,6.923737,0.0,11.0334015,16.782913,22.253805,11.352888,49.17111,37.255573,2.047762,0.0,1.0,0.0,7.16
13.5373955,-0.9827802,0.5825243,22.942858,478.501,0.9714286,16.487251,-2.5167732,3.0633812,1.5036168,0.0,11.81436,5.9693055,0.0,0.0,0.0,24.265469,42.156193,26.303276,64.718376,5.7495117,0.0,0.0,11.835813,0.0,0.0,42.683636,11.126903,4.8999095,41.29811,6.066367,0.23268409,1.0,0.0,0.0,5.51
13.601405,-4.2972026,0.21740276,12.025641,550.589,0.8974359,32.23343,-2.3571258,2.9228277,1.7619146,0.0,10.023292,11.938611,13.212335,0.0,0.0,36.3982,17.692667,23.276558,90.49259,11.499023,11.374773,0.0,0.0,0.0,10.772449,27.772799,4.305216,55.640736,36.3982,0.0,-0.8296275,0.0,0.0,0.0,5.14
13.813434,-4.5382676,0.17314723,11.434783,668.706,0.5652174,32.234863,-2.3686116,2.9786735,1.8702393,0.0,20.046583,11.938611,16.835594,0.0,0.0,24.265469,21.16574,32.333523,84.92914,0.0,22.749546,0.0,0.0,0.0,10.772449,19.985205,0.0,98.77661,0.0,0.0,0.55085254,0.0,0.0,0.0,7.84
13.607689,-3.8222873,0.36793208,17.692308,550.637,1.1794872,32.23343,-2.3522112,3.2368166,1.5587544,0.0,0.0,5.9693055,13.0996,4.305216,5.098682,35.54522,20.075377,13.654554,76.85111,11.499023,0.0,0.0,6.923737,0.0,11.0334015,22.532425,22.253805,4.305216,43.10474,44.17931,4.056742,0.0,1.0,0.0,7.7
14.325634,-4.3778896,0.17571287,13.45098,727.861,0.88235295,32.234787,-2.421694,3.4978828,1.4544559,0.0,25.953762,5.9693055,21.55769,0.0,0.0,72.29349,22.58815,29.404436,124.87913,5.7495117,11.374773,0.0,20.771212,0.0,10.772449,44.463154,9.868668,13.176165,109.74289,6.923737,4.5551987,0.0,0.0,0.0,5.74
14.423357,-4.515209,0.15905987,13.298245,832.979,0.71929824,32.236195,-2.4292324,3.606192,1.4288976,0.0,41.88423,0.0,34.697582,0.0,0.0,60.160755,29.697948,36.514233,137.51479,11.499023,11.374773,0.0,13.847474,0.0,0.0,22.5638,15.432119,74.88326,73.34469,4.722095,2.7414885,0.0,0.0,0.0,6.96
14.921993,-2.084337,0.09163008,27.064516,888.817,0.7580645,19.144238,-2.6057665,3.564162,2.640444,0.0,0.0,17.907915,4.390415,0.0,0.0,0.0,32.035122,19.63427,0.0,0.0,4.390415,0.0,0.0,0.0,0.0,4.8999095,13.847474,0.0,0.0,5.3167887,-0.6740492,0.0,0.0,2.0,5.77
14.840145,-2.0210416,0.105959006,29.235294,728.684,0.8039216,19.144234,-2.5997536,3.7011065,2.0921316,5.783245,0.0,17.907915,4.390415,0.0,0.0,0.0,31.656141,19.63427,0.0,0.0,4.390415,0.0,5.9179063,0.0,0.0,4.8999095,11.823647,0.0,0.0,0.0,-0.6170498,0.0,0.0,3.0,4.74
14.253488,-4.363012,0.22579473,13.479167,691.828,0.8958333,32.234783,-2.4212124,3.4295528,1.6188397,0.0,25.953762,5.9693055,21.55769,0.0,0.0,53.591473,22.58815,29.404436,112.243484,5.7495117,11.374773,0.0,27.694948,0.0,0.0,33.690704,15.432119,19.24253,85.477425,13.847474,6.3846064,0.0,0.0,0.0,5.86
13.485465,-4.3159547,0.28053385,12.027778,516.528,0.9166667,32.23343,-2.3565211,2.8439732,2.1073477,0.0,10.023292,17.907915,13.212335,0.0,0.0,24.265469,17.692667,23.276558,60.66367,5.7495117,11.374773,0.0,0.0,0.0,10.772449,22.209347,4.305216,43.508,24.265469,0.0,-0.85962844,0.0,0.0,0.0,6.26
14.226486,-1.9608719,0.03185748,14.256098,1154.242,0.47560975,16.372934,-2.6057286,3.3851595,2.4260333,0.0,0.0,17.907915,0.0,0.0,0.0,70.159515,19.069544,6.5447564,71.28766,0.0,0.0,0.0,11.835813,0.0,0.0,11.126903,13.847474,24.265469,58.026783,0.0,8.241271,0.0,0.0,0.0,5.23
13.677517,-0.9683726,0.691538,24.424242,447.491,0.969697,16.366919,-2.5313096,3.084465,1.4848961,0.0,11.81436,5.9693055,0.0,0.0,0.0,36.3982,35.549313,26.179026,70.784744,0.0,0.0,0.0,11.835813,0.0,0.0,43.602814,11.126903,4.8999095,29.165379,24.265469,1.300834,0.0,0.0,1.0,4.16
14.331309,-4.2798886,0.15257977,11.723404,670.769,0.68085104,32.23473,-2.2962172,3.395738,1.5805951,0.0,25.953762,0.0,20.808,0.0,0.0,42.46457,46.46549,24.367481,120.45199,11.499023,11.374773,0.0,6.923737,0.0,21.675373,27.958858,3.972406,75.74064,48.530937,6.066367,1.536188,0.0,1.0,0.0,6.74
14.622004,-1.8369102,0.048934773,17.773584,762.702,0.754717,19.144234,-2.5978513,3.4476502,3.1282485,0.0,0.0,17.907915,4.390415,0.0,0.0,0.0,32.159058,19.63427,0.0,0.0,4.390415,0.0,0.0,0.0,0.0,4.8999095,13.847474,0.0,0.0,0.0,-0.08505912,0.0,0.0,1.0,5.8
13.370402,-3.827943,0.36527982,16.545454,501.029,1.1212121,35.495693,-2.2256079,3.397771,1.5372437,0.0,10.023292,5.9693055,8.417797,0.0,11.336786,35.86641,11.605292,22.711517,65.18339,0.0,11.374773,22.937725,12.841643,5.022633,20.858593,35.783806,26.545979,11.336786,25.122839,36.3982,2.8756824,0.0,1.0,1.0,6.7
13.496389,-3.8055282,0.38035274,17.81579,536.61,1.1578947,32.23343,-2.349901,3.2270484,1.523022,0.0,0.0,5.9693055,13.0996,4.305216,5.098682,41.611588,20.075377,13.654554,77.35403,11.499023,0.0,0.0,0.0,0.0,11.0334015,28.095877,11.126903,4.305216,49.17111,37.255573,2.1297536,0.0,1.0,0.0,6.74
13.752262,-4.145354,0.4855186,11.181818,468.575,0.93939394,32.23343,-2.366547,2.7226076,2.1101637,0.0,10.023292,5.9693055,8.417797,0.0,0.0,29.82892,17.692667,23.276558,76.85111,5.7495117,17.062159,0.0,27.694948,0.0,0.0,33.81464,15.556054,0.0,52.146477,37.255573,6.393473,0.0,0.0,0.0,3.99
14.211239,-4.353213,0.23181158,13.608696,683.83,1.0,32.248318,-2.419584,3.669274,1.6263484,0.0,25.953762,5.9693055,21.55769,0.0,11.336786,41.961655,17.692667,29.404436,99.92736,5.7495117,11.374773,11.336786,20.771212,0.0,0.0,33.690704,21.205454,13.176165,84.791115,6.923737,4.5777974,0.0,1.0,0.0,5.29
13.607689,-3.8222873,0.36793208,17.692308,550.637,1.1794872,32.23343,-2.3522112,3.2368166,1.5587544,0.0,0.0,5.9693055,13.0996,4.305216,5.098682,35.54522,20.075377,13.654554,76.85111,11.499023,0.0,0.0,6.923737,0.0,11.0334015,22.532425,22.253805,4.305216,43.10474,44.17931,4.056742,0.0,1.0,0.0,8.0
13.870599,-1.902525,0.028798543,14.519481,1092.215,0.5064935,16.372807,-2.6048977,3.324901,3.3649793,0.0,0.0,17.907915,0.0,0.0,0.0,58.026783,19.069544,13.089513,35.895287,0.0,0.0,0.0,11.835813,0.0,0.0,11.984273,13.847474,0.0,58.026783,0.0,8.508854,0.0,0.0,0.0,6.94
16.0701,-2.292825,0.014173287,15.139785,2632.995,0.32795697,19.147066,-2.6111057,1.6597666,1.7261775,35.757328,0.0,11.938611,13.171246,0.0,0.0,70.159515,38.200897,71.99232,101.1212,5.7495117,13.171246,0.0,55.925957,0.0,0.0,28.514002,19.05647,12.132734,70.159515,0.0,4.0494704,0.0,0.0,1.0,7.7
14.23005,-4.425211,0.22869723,13.479167,695.791,0.9583333,32.234783,-2.4212391,3.4295528,1.6188397,0.0,25.953762,5.9693055,25.948103,0.0,0.0,35.895287,22.58815,29.404436,112.49725,5.7495117,15.765187,0.0,26.588432,0.0,0.0,33.690704,34.134136,13.176165,67.27832,6.923737,4.438046,0.0,0.0,0.0,5.54
14.329542,-5.125168,0.2999873,12.15,604.556,0.575,32.234863,-2.3779933,2.8293855,2.082269,9.790967,0.0,11.938611,34.397255,8.610432,0.0,36.3982,0.0,13.089513,95.059456,0.0,17.56166,0.0,23.268883,0.0,0.0,24.265469,12.132734,24.265469,0.0,0.0,-4.230917,0.0,0.0,0.0,5.75
14.773817,-1.7904291,0.037281547,17.183098,1007.084,0.6760563,19.14424,-2.5847723,3.6702359,2.1341639,0.0,0.0,11.938611,4.390415,0.0,0.0,58.026783,32.159058,19.63427,35.895287,0.0,4.390415,0.0,11.835813,0.0,0.0,10.463361,13.847474,0.0,58.026783,0.0,6.889149,0.0,0.0,1.0,4.8
13.344739,-0.9454559,0.77022743,24.451612,418.449,0.9032258,16.36704,-2.516149,2.9750395,1.476574,0.0,11.81436,5.9693055,0.0,0.0,0.0,36.3982,35.549313,13.089513,70.784744,0.0,0.0,0.0,11.835813,0.0,0.0,36.934124,11.126903,4.8999095,29.165379,24.265469,0.4921427,1.0,0.0,0.0,5.1
13.917608,-4.1024866,0.4981928,13.114285,492.641,0.94285715,32.23343,-2.367491,3.128495,1.7829126,0.0,10.023292,5.9693055,8.417797,0.0,0.0,53.08856,10.58287,22.294638,87.4751,0.0,11.374773,0.0,34.618687,0.0,0.0,29.779867,27.66426,16.690355,19.913841,31.189205,10.401011,0.0,0.0,0.0,4.65
14.361633,-1.9555438,0.034788612,14.375,1129.207,0.5,19.142166,-2.605725,3.354063,2.3847332,0.0,0.0,17.907915,4.390415,0.0,0.0,70.159515,19.069544,6.5447564,71.54143,0.0,4.390415,0.0,17.653032,0.0,0.0,5.5634513,25.98021,12.132734,58.026783,0.0,8.240994,0.0,0.0,0.0,5.2
14.865024,-4.576552,0.14874959,13.288136,861.033,0.7288136,32.236195,-2.4322083,3.5990927,1.4613203,0.0,41.88423,0.0,34.697582,0.0,0.0,60.160755,29.697948,36.514233,136.50894,11.499023,11.374773,0.0,27.694948,0.0,0.0,33.690704,15.432119,56.684166,86.33479,11.645832,6.059682,0.0,0.0,0.0,7.24
13.417034,-1.8089883,0.046328932,18.355932,859.909,0.69491524,32.166523,-2.6002257,3.6491892,2.1303442,0.0,0.0,23.877222,4.794537,0.0,11.761885,32.104107,24.946333,18.174398,0.0,0.0,0.0,11.761885,5.9179063,0.0,0.0,0.0,62.613377,0.0,0.0,0.0,1.2827553,1.0,0.0,1.0,7.51
14.46087,-4.5913305,0.15426293,13.206897,849.966,0.7758621,32.236195,-2.429363,3.6337287,1.4319731,0.0,41.88423,0.0,34.697582,0.0,0.0,24.265469,31.912262,43.62403,126.14591,17.248535,11.374773,0.0,6.923737,0.0,0.0,28.313313,16.065512,88.1899,48.221848,4.722095,0.8787841,0.0,1.0,0.0,6.11
14.1100855,-1.9048898,0.033528794,14.3625,1127.216,0.475,16.373,-2.6082764,3.3593113,2.4016302,0.0,0.0,17.907915,0.0,0.0,0.0,70.159515,19.069544,6.5447564,65.724205,5.7495117,0.0,0.0,11.835813,0.0,0.0,5.5634513,13.847474,24.265469,58.026783,0.0,8.304244,0.0,0.0,0.0,4.3
12.914253,-3.844178,0.42467517,12.848485,472.563,0.969697,32.233273,-2.3684752,2.7656393,1.9173816,0.0,10.023292,5.9693055,13.212335,0.0,0.0,24.265469,29.9006,23.755564,60.66367,5.7495117,11.374773,0.0,0.0,0.0,10.772449,27.896732,0.0,19.24253,48.530937,20.771212,5.5278707,0.0,0.0,0.0,4.48
13.899301,-4.1167865,0.4974925,12.971429,494.613,1.0571429,32.23343,-2.3674889,3.1924336,1.7681296,0.0,10.023292,5.9693055,8.417797,0.0,0.0,35.895287,17.692667,29.404436,82.41456,5.7495117,11.374773,0.0,20.771212,0.0,0.0,36.324623,32.43247,0.0,33.090008,49.388306,6.087977,0.0,0.0,0.0,4.79
13.507977,-4.247309,0.3277505,12.171429,518.613,1.0285715,32.233456,-2.3565304,2.8455386,2.1178925,0.0,10.023292,11.938611,13.212335,11.761885,0.0,24.265469,17.692667,35.285183,60.66367,5.7495117,11.374773,11.761885,0.0,0.0,10.772449,34.383022,4.305216,49.203518,30.331835,6.2557693,-0.7950336,0.0,0.0,0.0,5.88
16.055843,-2.2820303,0.016609678,15.125,2496.853,0.3181818,19.147055,-2.6109865,1.636079,2.1505077,53.63599,0.0,11.938611,13.171246,0.0,0.0,58.026783,31.656141,71.99232,71.29228,0.0,13.171246,0.0,72.15381,0.0,0.0,16.529728,19.05647,0.0,58.026783,0.0,4.6439404,0.0,0.0,1.0,7.62
13.513332,-4.24845,0.35925314,12.342857,500.573,0.9714286,32.23343,-2.3567555,2.816631,2.1358738,0.0,10.023292,11.938611,13.212335,0.0,0.0,38.11294,17.692667,23.276558,60.66367,5.7495117,11.374773,0.0,5.9179063,0.0,10.772449,28.630169,4.305216,37.44163,30.331835,13.847474,3.0510876,0.0,0.0,0.0,4.47
14.021835,-4.598827,0.09845208,11.423077,755.828,0.6923077,32.234863,-2.3685358,3.1139586,1.6837646,0.0,20.046583,11.938611,16.835594,0.0,0.0,24.265469,28.275537,47.216045,84.92914,5.7495117,17.062159,0.0,0.0,0.0,10.772449,27.449457,0.0,92.03893,0.0,0.0,-1.3875363,0.0,0.0,0.0,7.51
14.01547,-4.425217,0.15201993,12.52,712.758,0.5,32.234863,-2.369437,3.6539214,1.2365979,0.0,0.0,11.938611,16.835594,8.610432,0.0,60.66367,9.790967,13.089513,120.32151,0.0,0.0,0.0,0.0,0.0,43.876976,43.876976,8.610432,36.3982,72.7964,0.0,-2.6675508,0.0,2.0,0.0,6.38
14.840145,-2.0210416,0.105959006,29.235294,728.684,0.8039216,19.144234,-2.5997536,3.7011065,2.0921316,5.783245,0.0,17.907915,4.390415,0.0,0.0,0.0,31.656141,19.63427,0.0,0.0,4.390415,0.0,5.9179063,0.0,0.0,4.8999095,11.823647,0.0,0.0,0.0,-0.6170498,0.0,0.0,3.0,5.37
14.084705,-4.291217,0.14423643,11.906977,623.709,0.7906977,32.23473,-2.2055938,3.2971213,1.7497134,0.0,25.953762,0.0,26.288097,0.0,0.0,24.265469,39.77227,17.93586,90.12015,11.499023,5.6873865,0.0,6.923737,0.0,21.675373,35.485237,3.972406,61.52104,29.745565,13.847474,5.897724,0.0,1.0,0.0,6.7
15.909187,-2.4289677,0.01635688,18.698225,2402.65,0.40828404,19.144278,-2.6103473,1.665214,2.2977304,35.757328,0.0,17.907915,4.390415,0.0,0.0,12.132734,38.200897,78.53708,29.82892,5.7495117,4.390415,0.0,32.4557,0.0,0.0,16.884182,6.923737,24.265469,0.0,0.0,-3.806147,0.0,0.0,2.0,8.51
13.48858,-0.90546954,0.52854407,24.970589,463.622,1.0882353,16.365885,-2.4053612,3.415477,1.3303448,0.0,0.0,5.9693055,9.47634,5.098682,0.0,38.318935,17.578157,6.5447564,47.283142,5.6873865,0.0,0.0,5.9179063,0.0,5.6873865,23.430378,75.71346,24.601938,0.0,10.74817,3.152097,2.0,1.0,1.0,7.2
14.923371,-1.943653,0.09218995,27.409836,873.846,0.7704918,19.144238,-2.6017785,3.557671,2.597824,0.0,0.0,17.907915,4.390415,0.0,0.0,12.841643,25.614302,13.089513,0.0,0.0,4.390415,0.0,0.0,0.0,0.0,4.8999095,13.847474,0.0,0.0,0.0,0.4000429,0.0,0.0,2.0,6.97
14.245241,-4.3723946,0.2150474,13.479167,712.246,0.9583333,35.495693,-2.4211667,3.4295528,1.6188397,0.0,25.953762,5.9693055,21.55769,0.0,0.0,47.496227,22.58815,29.404436,111.70266,5.7495117,11.374773,11.60094,20.771212,5.022633,0.0,38.713337,9.868668,37.44163,67.27832,6.923737,4.5211973,0.0,0.0,0.0,5.53
13.773079,-4.3659883,0.2873228,12.48718,570.645,0.7692308,32.234783,-2.4313228,2.936047,1.844843,0.0,20.046583,5.9693055,21.63013,0.0,0.0,24.265469,35.385334,23.246906,84.92914,11.499023,11.374773,0.0,0.0,0.0,10.772449,22.271473,4.305216,81.807,24.265469,0.0,1.2623785,0.0,0.0,0.0,6.9
14.915767,-1.967746,0.086141266,27.67213,871.83,0.78688526,19.144238,-2.601538,3.557671,2.6365397,0.0,0.0,17.907915,4.390415,0.0,0.0,12.1520405,25.614302,13.089513,12.1520405,0.0,4.390415,0.0,0.0,0.0,0.0,4.8999095,13.847474,12.1520405,0.0,0.0,0.348831,0.0,0.0,1.0,6.37
14.431605,-4.5655475,0.15112218,13.298245,855.007,0.7894737,32.248566,-2.428284,3.8883746,1.4325099,0.0,41.88423,0.0,34.697582,0.0,11.336786,30.331835,31.912262,43.62403,119.13229,17.248535,11.374773,11.336786,6.923737,0.0,0.0,28.313313,21.205454,87.37312,48.221848,4.722095,0.9255991,0.0,1.0,0.0,5.29
14.527516,-4.6045246,0.1418807,13.116667,879.004,0.68333334,32.236195,-2.429225,3.6586905,1.4225291,0.0,41.88423,0.0,34.697582,0.0,0.0,24.265469,43.91754,50.73383,125.884964,22.998047,11.374773,0.0,6.923737,0.0,0.0,34.062824,9.868668,101.235596,48.221848,4.722095,0.87132055,0.0,0.0,0.0,7.66
13.909302,-1.9127773,0.02927547,14.48718,1107.226,0.5,16.372978,-2.60512,3.3364918,3.3864942,0.0,0.0,17.907915,0.0,0.0,0.0,70.86843,19.069544,13.151638,35.895287,0.0,0.0,0.0,11.835813,0.0,0.0,24.825916,13.847474,0.0,44.17931,13.847474,8.2309885,0.0,0.0,0.0,4.25
12.982512,-3.9185967,0.37115017,11.705882,498.582,0.5588235,32.2347,-2.1482124,2.85143,1.7149503,0.0,20.046583,0.0,16.835594,0.0,0.0,36.3982,35.385334,23.663784,84.92914,11.499023,11.374773,0.0,0.0,0.0,10.772449,33.646244,0.0,50.617798,48.530937,0.0,0.0,0.0,0.0,0.0,5.64
13.752262,-4.145354,0.4855186,11.181818,468.575,1.0,32.23343,-2.3669043,2.7252479,2.1205258,0.0,10.023292,5.9693055,8.417797,0.0,0.0,29.82892,17.692667,23.276558,76.85111,5.7495117,17.062159,0.0,27.694948,0.0,0.0,33.81464,15.556054,0.0,52.146477,37.255573,6.4005966,0.0,0.0,0.0,4.52
13.520222,-4.249939,0.35925314,13.114285,500.573,1.0,32.23343,-2.362464,2.8469446,2.1546316,0.0,10.023292,11.938611,13.212335,0.0,0.0,44.533764,17.692667,23.276558,60.66367,5.7495117,11.374773,0.0,5.9179063,0.0,10.772449,28.630169,4.305216,37.44163,30.331835,13.847474,2.9359324,0.0,0.0,0.0,5.83
13.749118,-1.8927616,0.0328386,14.666667,1063.173,0.49333334,16.372793,-2.6116455,3.293235,3.3121605,0.0,0.0,17.907915,0.0,0.0,0.0,71.87426,19.069544,6.5447564,35.895287,0.0,0.0,0.0,17.753717,0.0,0.0,5.5634513,13.847474,13.847474,58.026783,0.0,11.29527,0.0,0.0,0.0,7.26
13.880132,-4.1813574,0.35363007,12.916667,509.584,1.0833334,32.23343,-2.3674893,3.1928473,1.7639723,0.0,15.710677,5.9693055,8.417797,0.0,0.0,35.895287,15.506181,22.294638,92.52888,0.0,17.062159,0.0,30.88553,0.0,0.0,36.324623,26.682957,12.132734,50.245678,17.890015,5.5600147,0.0,0.0,0.0,4.57
14.306857,-1.9425802,0.06755855,25.488636,1282.416,0.59090906,33.11461,-2.6057236,4.055977,2.1550004,0.0,0.0,23.877222,4.794537,0.0,0.0,61.415478,19.069544,24.59522,29.82892,5.7495117,0.0,21.587795,11.835813,0.0,0.0,5.5634513,40.33518,24.265469,27.694948,0.0,7.6635504,0.0,0.0,2.0,8.02
13.67255,-3.8385603,0.36793208,17.692308,550.637,1.1794872,32.23343,-2.3909323,3.2544825,1.5681076,0.0,0.0,5.9693055,13.0996,4.305216,5.098682,35.54522,19.57246,13.71668,76.85111,11.499023,0.0,0.0,6.923737,0.0,11.0334015,22.532425,22.253805,4.305216,43.10474,44.17931,4.068916,0.0,1.0,0.0,6.59
14.810313,-1.8188797,0.11182967,25.948277,826.793,0.8103448,19.144236,-2.5971174,3.7682323,1.9180682,0.0,0.0,17.907915,4.390415,0.0,5.098682,5.213385,31.30823,19.63427,11.890772,0.0,4.390415,0.0,0.0,0.0,0.0,10.593838,6.923737,10.878647,0.0,0.0,-0.3205762,0.0,1.0,1.0,6.74
12.867559,-3.8139527,0.41498524,12.32258,460.577,1.032258,32.2333,-2.2951233,2.772256,1.9392197,0.0,10.023292,5.9693055,13.212335,11.761885,0.0,24.265469,17.692667,29.157303,60.66367,5.7495117,11.374773,11.761885,0.0,0.0,10.772449,34.684185,5.3862243,19.24253,48.160088,18.388504,0.0,0.0,0.0,0.0,5.8
14.939196,-2.027429,0.09161051,27.015873,902.844,0.7619048,19.144238,-2.6017022,3.5824697,2.6149306,0.0,0.0,17.907915,4.390415,0.0,0.0,0.0,25.614302,19.63427,0.0,0.0,4.390415,0.0,0.0,0.0,0.0,4.8999095,13.847474,0.0,0.0,0.0,-0.4973214,0.0,0.0,2.0,7.96
13.597659,-4.28631,0.32364798,13.5,544.626,0.9736842,32.23343,-2.4346576,2.8404572,2.1150548,6.041841,10.023292,11.938611,13.212335,0.0,0.0,24.265469,29.397684,23.276558,60.66367,5.7495117,11.374773,0.0,0.0,0.0,10.772449,22.209347,4.305216,43.508,31.189205,20.771212,6.3151245,0.0,0.0,0.0,5.89
14.502482,-4.647456,0.22869723,13.479167,695.791,0.9583333,32.234787,-2.4230273,3.4284215,1.6293916,0.0,25.953762,5.9693055,25.948103,0.0,0.0,48.028023,17.692667,29.404436,112.49725,5.7495117,15.765187,0.0,26.588432,0.0,0.0,33.690704,22.001402,25.308899,67.27832,11.645832,4.391964,0.0,0.0,0.0,4.92
13.412748,-1.8204293,0.04801802,16.38983,835.821,0.7118644,16.376884,-2.59762,3.6491892,2.1474042,0.0,0.0,23.877222,4.794537,0.0,0.0,30.331835,19.069544,13.089513,35.895287,0.0,0.0,0.0,0.0,0.0,0.0,5.5634513,18.747385,0.0,30.331835,0.0,1.2357315,0.0,0.0,1.0,6.61
13.89119,-4.112842,0.4974925,12.971429,494.613,1.0571429,32.23343,-2.3674881,3.196962,1.7506272,0.0,10.023292,5.9693055,8.417797,0.0,0.0,35.895287,17.692667,29.404436,82.41456,5.7495117,11.374773,0.0,20.771212,0.0,0.0,36.324623,32.43247,0.0,33.090008,49.388306,6.12185,0.0,0.0,0.0,4.01
14.298226,-4.3204226,0.14286073,11.64,716.766,0.6,32.234863,-2.3254907,3.8075557,1.4892223,11.648809,20.046583,0.0,16.835594,10.42677,20.394728,34.692238,34.255253,19.244009,96.57795,0.0,22.749546,0.0,0.0,0.0,10.772449,22.14722,8.610432,74.51115,24.265469,0.0,2.0112402,0.0,2.0,0.0,7.8
13.392056,-4.2325497,0.44563138,12.1875,458.492,1.0,32.23343,-2.355823,2.77329,2.16567,0.0,10.023292,11.938611,8.417797,0.0,0.0,24.265469,17.692667,23.276558,60.66367,5.7495117,11.374773,0.0,0.0,0.0,10.772449,22.209347,4.305216,50.431736,24.265469,0.0,0.6870505,0.0,0.0,0.0,5.48
13.913452,-0.96396136,0.4927799,22.675676,500.551,0.9459459,16.366932,-2.5009654,3.1607914,1.5401229,0.0,11.81436,5.9693055,0.0,0.0,0.0,48.94798,35.549313,19.696394,70.28183,11.840869,0.0,0.0,23.676682,0.0,0.0,36.934124,29.531998,4.8999095,29.165379,18.1991,-0.002224822,1.0,0.0,0.0,6.6
13.587167,-0.97425735,0.69511735,24.060606,448.475,0.93939394,16.366968,-2.488394,3.3941586,1.5103431,0.0,11.81436,5.9693055,0.0,0.0,0.0,30.68629,35.549313,13.089513,64.718376,5.7495117,0.0,0.0,11.835813,0.0,0.0,47.93709,4.8999095,0.0,47.36448,0.0,0.22130936,1.0,0.0,0.0,7.01
13.607689,-3.8222873,0.36793208,17.692308,550.637,1.1794872,32.23343,-2.3522112,3.2368166,1.5587544,0.0,0.0,5.9693055,13.0996,4.305216,5.098682,35.54522,20.075377,13.654554,76.85111,11.499023,0.0,0.0,6.923737,0.0,11.0334015,22.532425,22.253805,4.305216,43.10474,44.17931,4.056742,0.0,1.0,0.0,7.62
15.048064,-1.9573904,0.098238,26.477612,954.924,0.8358209,19.14424,-2.602088,3.8628721,2.027912,0.0,0.0,17.907915,4.390415,0.0,5.098682,5.213385,31.30823,13.089513,11.890772,0.0,4.390415,0.0,0.0,0.0,0.0,11.320731,13.847474,10.878647,0.0,0.0,0.5458976,0.0,1.0,1.0,7.04
12.954843,-3.8398833,0.32183188,12.1470585,476.554,0.85294116,32.233273,-2.3115337,2.8518522,1.6449478,0.0,10.023292,5.9693055,13.212335,0.0,0.0,54.597305,17.692667,17.148682,96.55896,5.7495117,11.374773,0.0,0.0,0.0,10.772449,34.317554,5.5634513,19.24253,36.3982,42.46457,0.0,0.0,0.0,0.0,4.86
15.705113,-2.2598436,0.011100103,20.417267,1980.132,0.65467626,32.16637,-2.6136305,1.6606686,1.2472005,5.9595547,0.0,17.907915,9.374393,11.761885,5.098682,57.528255,69.06771,51.339287,66.13463,0.0,4.390415,11.761885,17.245096,0.0,10.902925,33.539963,17.802383,31.209785,58.15726,6.2557693,3.1873083,0.0,3.0,1.0,7.77
14.076906,-1.8746841,0.03279784,14.3924055,1112.205,0.49367088,16.372826,-2.6082869,3.3552954,2.376176,0.0,0.0,17.907915,0.0,0.0,0.0,58.026783,19.069544,6.5447564,65.98516,0.0,0.0,0.0,11.835813,0.0,0.0,11.126903,13.847474,24.52642,58.026783,0.0,8.367436,0.0,1.0,0.0,4.74
13.921924,-4.2300563,0.5060033,15.971429,496.585,1.0,32.23343,-2.372412,3.256221,1.9335485,0.0,10.023292,11.938611,13.212335,0.0,0.0,41.961655,10.58287,22.294638,65.22129,0.0,11.374773,0.0,20.771212,0.0,10.772449,40.552315,16.28949,0.0,62.37841,11.823647,5.0956283,0.0,0.0,1.0,4.8
13.846004,-1.9008441,0.034693316,16.223684,1078.14,0.59210527,16.377493,-2.6024284,3.8131897,2.2829926,0.0,0.0,23.877222,4.794537,0.0,0.0,39.827682,19.069544,13.089513,29.82892,5.7495117,0.0,0.0,11.835813,0.0,0.0,5.5634513,18.747385,24.265469,27.694948,0.0,8.11088,0.0,0.0,1.0,7.53
14.280971,-4.367107,0.21668068,13.469388,705.855,0.877551,32.234787,-2.4227188,3.4247375,1.6260058,0.0,25.953762,5.9693055,21.55769,0.0,0.0,53.591473,22.58815,29.404436,111.74056,5.7495117,11.374773,0.0,34.618687,0.0,0.0,39.254154,15.432119,13.176165,92.40116,13.847474,8.06107,0.0,0.0,0.0,5.58
13.974537,-4.139573,0.4982706,13.314285,494.613,1.0571429,32.23343,-2.377081,2.8052702,1.8781608,0.0,10.023292,5.9693055,8.417797,0.0,0.0,29.82892,17.692667,29.404436,76.85111,5.7495117,17.062159,0.0,20.771212,0.0,0.0,23.235111,45.52198,0.0,33.090008,49.388306,5.4959974,0.0,0.0,0.0,4.37
13.236073,-3.9972916,0.9011431,11.333333,347.436,1.0,32.23343,-2.365672,2.4346156,2.701777,0.0,10.023292,5.9693055,8.417797,0.0,0.0,35.895287,10.58287,10.849973,58.652008,0.0,5.6873865,0.0,27.694948,0.0,0.0,22.37774,9.868668,0.0,57.169415,6.923737,6.4807787,0.0,0.0,0.0,3.35
13.578287,-4.2963905,0.3097581,11.736842,555.63,0.7368421,32.233772,-2.355344,2.9165,1.8065784,9.837254,10.023292,5.9693055,16.835594,0.0,0.0,30.331835,35.4508,25.069567,90.49259,11.499023,5.6873865,0.0,0.0,0.0,10.772449,27.834923,4.305216,62.75053,36.3982,0.0,-0.83149767,0.0,0.0,0.0,6.17
14.109827,-4.2277284,0.21293123,11.904762,608.698,0.7619048,32.23473,-2.341381,3.2930346,1.8037162,0.0,25.953762,0.0,26.233791,0.0,0.0,24.265469,40.7781,25.989363,90.12015,11.499023,5.6873865,0.0,6.923737,0.0,21.675373,22.271473,3.972406,82.78831,24.265469,0.0,1.5293853,0.0,1.0,0.0,6.54
15.031888,-1.8494785,0.036740158,16.84,1063.148,0.62666667,19.144241,-2.5905054,3.7169166,2.2600038,0.0,0.0,17.907915,4.390415,0.0,0.0,64.95052,19.510334,13.089513,35.895287,0.0,4.390415,0.0,11.835813,0.0,0.0,10.463361,6.923737,6.923737,58.026783,0.0,8.06786,0.0,0.0,1.0,4.48
13.592951,-0.5969766,0.57823783,22.942858,477.517,1.0,16.487183,-2.5243096,3.0633812,1.5036168,0.0,11.81436,0.0,0.0,0.0,0.0,24.265469,30.320383,26.303276,64.718376,5.7495117,0.0,0.0,11.835813,0.0,0.0,42.683636,11.126903,4.8999095,41.29811,6.066367,0.33047363,1.0,0.0,0.0,5.59
13.739944,-0.9675907,0.67528415,24.058823,462.502,0.9117647,16.366938,-2.4997025,3.0879407,1.5092633,0.0,11.81436,5.9693055,0.0,0.0,0.0,37.107113,35.549313,13.089513,64.718376,5.7495117,0.0,0.0,11.835813,0.0,0.0,41.51627,17.741552,0.0,47.36448,0.0,0.22130936,1.0,0.0,0.0,7.01
11.749394,-3.3809915,0.60988927,13.137931,436.921,1.2413793,35.495693,-2.2474124,3.0084097,2.0382051,0.0,0.0,5.9693055,17.404816,0.0,5.098682,35.013428,18.19329,13.303441,58.11119,0.0,0.0,11.60094,0.0,5.022633,11.0334015,16.102785,22.899372,11.352888,29.928576,18.1991,0.09175989,0.0,1.0,0.0,5.47
13.843825,-1.8840964,0.035501767,16.28,1062.141,0.58666664,16.377264,-2.6024284,3.8099146,2.2708979,0.0,0.0,23.877222,4.794537,0.0,0.0,58.026783,19.069544,13.089513,35.895287,0.0,0.0,0.0,11.835813,0.0,0.0,5.5634513,11.823647,6.923737,58.026783,0.0,8.20765,0.0,0.0,1.0,7.37
15.00411,-1.9074092,0.03325296,16.84,1065.12,0.62666667,19.144241,-2.5944917,3.7169166,2.2600038,0.0,0.0,17.907915,4.390415,0.0,0.0,58.026783,26.117216,19.696394,35.895287,0.0,4.390415,0.0,11.835813,0.0,0.0,10.463361,6.923737,0.0,58.026783,0.0,5.261782,0.0,0.0,1.0,6.68
14.554248,-2.243813,0.025210803,14.712121,1858.036,0.28787878,16.38244,-2.611655,0.83809733,1.9107113,0.0,0.0,29.846527,4.794537,0.0,0.0,132.53793,25.111385,6.5447564,107.68586,0.0,0.0,0.0,17.753717,0.0,0.0,16.690355,6.923737,13.847474,132.53793,0.0,12.27942,0.0,0.0,0.0,7.48
13.805846,-0.8721997,0.77102524,24.39394,446.547,1.030303,16.366842,-2.4945188,3.1426148,1.4766045,0.0,5.90718,5.9693055,0.0,0.0,0.0,49.239845,17.877653,13.089513,70.28183,0.0,0.0,0.0,18.75955,0.0,0.0,32.475914,35.95282,11.126903,0.0,40.131657,3.598244,1.0,0.0,0.0,6.12
13.52777,-4.232489,0.49958065,15.911765,484.53,1.0294118,32.23343,-2.3679805,3.3181992,1.868174,0.0,10.023292,11.938611,13.212335,0.0,0.0,24.265469,17.692667,29.404436,60.66367,5.7495117,11.374773,0.0,0.0,0.0,10.772449,35.174923,10.726038,31.375265,41.29811,0.0,-0.21977837,0.0,0.0,1.0,4.83
15.08675,-1.8869343,0.04179721,17.142857,1083.182,0.64935064,19.144241,-2.6005757,3.7489693,1.8045021,0.0,0.0,11.938611,4.390415,0.0,0.0,88.35862,25.614302,13.089513,71.79057,0.0,4.390415,0.0,11.835813,0.0,0.0,10.463361,13.847474,12.132734,62.37841,13.847474,7.727124,0.0,0.0,1.0,5.22
14.085203,-6.0792384,0.32700828,14.066667,669.7,1.0222223,32.235004,-2.4617634,3.338651,1.8806533,0.0,15.93047,21.500927,13.139892,21.589043,0.0,35.895287,17.692667,29.404436,82.41456,5.7495117,24.546019,0.0,20.771212,0.0,0.0,16.690355,14.590762,54.474277,32.903946,0.0,3.9682484,0.0,0.0,0.0,5.31
15.898971,-2.3125618,0.016615681,20.588957,2305.648,0.49079755,19.144274,-2.612166,1.665134,1.4853156,11.919109,0.0,17.907915,4.390415,0.0,5.098682,125.05089,49.93667,39.26854,47.786057,0.0,4.390415,0.0,46.326004,0.0,0.0,37.127953,17.802383,24.265469,59.432438,34.618687,19.145828,0.0,1.0,2.0,8.33
11.232854,-0.84796965,0.8022971,12.454545,315.76,1.2272727,35.495693,-2.0766883,2.8648717,2.0615892,0.0,0.0,5.9693055,4.6818027,0.0,5.098682,35.013428,11.937522,0.0,58.614105,0.0,0.0,11.60094,0.0,5.022633,11.0334015,5.022633,22.160305,0.0,16.814537,37.37951,0.0,0.0,1.0,0.0,3.77
13.448078,-4.3261633,0.30525917,12.028571,502.501,0.9142857,32.23343,-2.3571415,2.816631,2.1441345,0.0,10.023292,17.907915,13.212335,0.0,0.0,24.265469,24.11349,23.276558,60.66367,5.7495117,11.374773,0.0,0.0,0.0,10.772449,16.521961,4.305216,43.508,24.265469,0.0,-0.87311786,0.0,0.0,0.0,6.35
13.443276,-3.8321254,0.6012216,16.5,453.564,1.125,32.233273,-2.2290745,3.226228,1.7695563,0.0,10.023292,5.9693055,8.417797,0.0,0.0,6.066367,27.704863,22.711517,58.782486,0.0,11.374773,0.0,33.612854,0.0,10.902925,40.996128,27.941193,0.0,18.329578,50.79396,8.503053,0.0,1.0,1.0,6.15
13.910173,-0.9656969,0.5534328,23.0,506.555,0.9459459,16.487253,-2.500321,3.1607914,1.5168147,0.0,11.81436,5.9693055,0.0,0.0,0.0,37.107113,42.156193,26.303276,64.718376,5.7495117,0.0,0.0,11.835813,0.0,0.0,42.683636,23.968546,4.8999095,41.29811,6.066367,0.23268409,1.0,0.0,0.0,6.74
13.029538,-3.8171964,0.37387988,11.833333,440.55,1.0666667,32.2333,-2.1311967,3.2436397,1.7628149,0.0,10.023292,0.0,13.401775,0.0,5.098682,50.245678,15.4783535,4.722095,66.488075,5.7495117,5.6873865,11.761885,0.0,0.0,10.772449,32.42966,17.325336,6.32732,42.46457,12.132734,4.106634,0.0,1.0,0.0,4.0
13.998597,-1.1887037,0.4642871,22.589743,528.605,0.974359,16.366966,-2.500996,3.1569374,1.5511402,0.0,11.81436,5.9693055,0.0,0.0,0.0,48.94798,35.549313,13.089513,70.28183,11.840869,0.0,0.0,23.676682,0.0,0.0,36.934124,29.531998,4.8999095,43.01285,18.1991,3.4676971,1.0,0.0,0.0,5.33
14.379845,-4.301484,0.13976909,11.67347,700.795,0.6530612,32.23473,-2.2964258,3.4264164,1.5536118,0.0,25.953762,0.0,20.808,0.0,0.0,24.265469,53.575283,31.47728,114.38562,17.248535,11.374773,0.0,6.923737,0.0,21.675373,33.70837,3.972406,82.85043,48.530937,0.0,1.5271246,0.0,1.0,0.0,6.77
14.99607,-2.0066135,0.0981161,26.59375,912.843,0.828125,19.144238,-2.6025991,3.8184245,2.094586,0.0,0.0,17.907915,9.072218,0.0,5.098682,5.213385,37.852985,13.089513,11.890772,0.0,4.390415,0.0,0.0,0.0,0.0,4.8999095,24.72612,0.0,0.0,0.0,-0.2704114,0.0,1.0,1.0,5.39
13.882576,-4.1363,0.5301976,12.8,489.597,1.0857143,32.23343,-2.3674896,3.1924336,1.776892,0.0,10.023292,5.9693055,8.417797,5.2618914,0.0,35.895287,22.215542,22.294638,87.97801,6.0692215,11.374773,0.0,32.102325,0.0,0.0,41.888077,26.682957,0.0,44.17931,31.189205,5.919975,0.0,0.0,0.0,4.61
14.321192,-4.681876,0.16101138,13.298245,836.942,0.7719298,32.236195,-2.4292545,3.606192,1.4288976,0.0,41.88423,0.0,39.087997,0.0,0.0,42.46457,29.697948,36.514233,137.76855,11.499023,15.765187,0.0,12.740958,0.0,0.0,26.869017,29.82892,62.75053,54.288216,4.722095,0.7992968,0.0,0.0,0.0,6.24
13.924787,-4.103585,0.4981928,13.114285,492.641,0.9714286,32.23343,-2.3674977,3.1701953,1.7927713,0.0,10.023292,5.9693055,8.417797,0.0,0.0,41.961655,10.58287,22.294638,87.4751,0.0,11.374773,0.0,34.618687,0.0,0.0,29.779867,27.66426,16.690355,19.913841,31.189205,10.4603405,0.0,0.0,0.0,4.01
14.2491865,-4.404401,0.2150474,13.479167,712.246,0.9583333,35.495697,-2.4218495,3.4284215,1.6293916,0.0,25.953762,5.9693055,21.55769,0.0,0.0,59.62896,22.715302,29.404436,111.70266,5.7495117,11.374773,11.60094,20.771212,5.022633,0.0,33.690704,9.868668,31.375265,73.34469,6.923737,4.505371,0.0,0.0,0.0,5.56
15.08951,-2.1881585,0.034784507,16.948051,1093.174,0.64935064,19.144241,-2.6244075,3.7137296,2.3383706,0.0,0.0,17.907915,4.390415,0.0,0.0,58.026783,25.111385,13.089513,35.895287,0.0,4.390415,0.0,11.835813,0.0,0.0,10.463361,20.771212,0.0,58.026783,0.0,8.518482,0.0,0.0,1.0,6.72
13.908415,-4.2949862,0.45943427,13.351352,544.651,1.0,32.234863,-2.3678434,3.267107,1.8534952,0.0,20.046583,5.9693055,16.835594,0.0,0.0,29.82892,28.275537,28.809742,76.85111,5.7495117,11.374773,0.0,20.771212,0.0,0.0,28.127253,9.868668,35.68048,44.17931,6.923737,4.4621415,0.0,0.0,0.0,4.81
13.795501,-0.6240599,0.67758024,24.058823,461.518,0.9411765,16.255693,-2.5048583,3.0879407,1.5092633,0.0,11.81436,0.0,0.0,0.0,0.0,37.107113,23.713501,13.089513,64.718376,5.7495117,0.0,0.0,11.835813,0.0,0.0,48.061028,12.841643,4.8999095,41.29811,6.066367,0.2933757,1.0,0.0,0.0,5.26
14.646838,-1.8981825,0.10691627,28.36,717.661,0.76,19.144232,-2.6061125,3.414989,2.5571196,0.0,0.0,17.907915,4.390415,0.0,0.0,0.0,25.614302,13.089513,0.0,0.0,4.390415,0.0,0.0,0.0,0.0,4.8999095,13.847474,0.0,0.0,0.0,0.5715389,0.0,0.0,2.0,4.84
14.246037,-4.7061796,0.20219962,13.745098,745.798,0.9411765,32.234787,-2.4213605,3.461828,1.5963835,0.0,25.953762,12.145604,21.55769,13.171246,0.0,35.895287,28.151602,29.404436,112.243484,5.7495117,24.546019,0.0,20.771212,0.0,0.0,40.259987,22.001402,25.308899,55.145588,11.645832,4.2302446,0.0,0.0,0.0,4.35
13.69269,-1.9511272,0.030888084,14.662162,1051.118,0.4864865,16.376036,-2.6040819,3.2921922,3.334777,0.0,0.0,23.877222,0.0,0.0,0.0,58.026783,25.111385,6.5447564,35.895287,0.0,0.0,0.0,11.835813,0.0,0.0,5.5634513,6.923737,0.0,58.026783,0.0,7.109592,0.0,0.0,0.0,5.45
13.323235,-1.7815949,0.04866419,18.839285,817.872,0.75,32.166523,-2.5981846,3.6194577,2.0946243,0.0,0.0,23.877222,4.794537,0.0,11.761885,32.104107,30.988174,18.174398,0.0,0.0,0.0,11.761885,5.9179063,0.0,0.0,0.0,55.68964,0.0,0.0,0.0,0.24911462,1.0,0.0,1.0,7.51
14.918302,-1.959715,0.08601856,27.409836,909.926,0.78688526,33.11461,-2.6027412,3.557671,2.597824,0.0,0.0,17.907915,4.390415,0.0,0.0,21.587795,25.614302,24.59522,0.0,0.0,4.390415,21.587795,0.0,0.0,0.0,4.8999095,35.435272,0.0,0.0,0.0,0.36590162,0.0,0.0,2.0,7.26
12.91032,-3.7796488,0.39412537,12.823529,499.98,1.1764706,35.495693,-2.2645042,3.1907542,1.6916426,0.0,0.0,5.9693055,13.0996,4.305216,5.098682,35.013428,11.937522,7.047672,82.63761,0.0,0.0,11.60094,0.0,5.022633,11.0334015,21.666237,11.0801525,29.812943,35.99494,18.1991,0.006833587,0.0,2.0,0.0,6.24
13.768298,-4.3814154,0.11867032,11.730769,744.844,0.48076922,32.234863,-2.3693795,3.1387117,1.3447963,0.0,0.0,11.938611,16.835594,8.610432,0.0,84.92914,9.790967,13.089513,155.71388,11.499023,0.0,0.0,0.0,0.0,0.0,11.499023,19.737335,60.66367,12.132734,60.66367,-2.1345468,0.0,0.0,0.0,6.24
13.727257,-1.9696952,0.030714504,14.454545,1093.155,0.46753246,16.376188,-2.6051886,3.314683,3.3743048,0.0,0.0,23.877222,0.0,0.0,0.0,58.026783,19.069544,6.5447564,35.895287,0.0,0.0,0.0,11.835813,0.0,0.0,5.5634513,13.847474,0.0,58.026783,0.0,8.132389,0.0,0.0,0.0,6.71
15.5760145,-2.1996062,0.013448119,22.902655,1623.79,0.69911504,32.116875,-2.6042433,1.6995426,1.6772288,5.9595547,0.0,17.907915,4.390415,12.628789,5.098682,46.75581,43.894825,38.476635,11.890772,0.0,4.390415,12.628789,23.163002,0.0,0.0,11.320731,11.60554,24.944227,13.847474,13.847474,8.042283,0.0,1.0,2.0,8.44
13.6000395,-4.1228538,0.51463735,11.125,454.548,0.96875,32.23343,-2.361491,2.7083604,2.048454,0.0,10.023292,5.9693055,8.417797,0.0,0.0,29.82892,17.692667,23.276558,77.35403,5.7495117,17.062159,0.0,20.771212,0.0,0.0,22.5638,15.556054,0.0,63.42184,25.122839,4.621065,0.0,0.0,0.0,4.0
12.845048,-3.8825984,0.36219358,12.15625,458.492,0.9375,32.233273,-2.2959273,2.7704296,1.9320242,0.0,10.023292,11.938611,13.212335,0.0,0.0,24.265469,17.692667,17.148682,60.66367,5.7495117,11.374773,0.0,0.0,0.0,10.772449,27.896732,0.0,25.308899,42.46457,0.0,0.0,0.0,0.0,0.0,4.91
13.367167,-0.984674,0.71338814,24.0625,434.448,0.9375,16.367098,-2.516282,2.9791582,1.5008664,0.0,11.81436,5.9693055,0.0,0.0,0.0,24.265469,35.549313,13.089513,64.718376,5.7495117,0.0,0.0,11.835813,0.0,0.0,41.51627,4.8999095,0.0,47.36448,0.0,0.22130936,1.0,0.0,0.0,6.06
14.250451,-5.075581,0.20219962,13.745098,745.798,0.9411765,32.234787,-2.4249618,3.46136,1.6325902,0.0,25.953762,12.145604,21.55769,13.171246,0.0,48.028023,28.151602,29.404436,112.243484,5.7495117,24.546019,0.0,20.771212,0.0,0.0,28.506233,28.067768,36.275177,51.103046,4.722095,4.1198874,0.0,0.0,0.0,4.78
14.266141,-5.227602,0.1913118,13.634615,761.797,0.9423077,32.234787,-2.4228902,3.4594264,1.616327,0.0,25.953762,12.331664,21.55769,0.0,13.171246,48.028023,17.692667,29.404436,106.68003,11.499023,24.546019,0.0,20.771212,0.0,0.0,28.127253,34.134136,36.275177,51.103046,4.722095,4.1303005,0.0,0.0,0.0,5.01
14.179701,-4.6453996,0.039123554,16.552238,982.129,0.6865672,32.234917,-2.3685405,3.8585262,1.0088745,0.0,20.046583,17.969725,21.63013,11.761885,0.0,30.68629,40.35922,52.9689,84.92914,5.7495117,21.856695,11.761885,0.0,0.0,10.772449,32.451527,18.594498,92.03893,0.0,11.761885,-1.5767189,0.0,0.0,2.0,7.13
13.698407,-1.9276291,0.030637093,14.586667,1065.145,0.50666666,16.372961,-2.6056957,3.3015234,3.304697,0.0,0.0,17.907915,0.0,0.0,0.0,58.026783,19.069544,13.151638,35.895287,0.0,0.0,0.0,11.835813,0.0,0.0,5.5634513,13.847474,0.0,58.026783,0.0,7.4682364,0.0,0.0,0.0,7.04
13.562662,-4.3167987,0.29949656,11.631579,556.618,0.7631579,32.234783,-2.3552444,2.9165,1.8065784,0.0,20.046583,5.9693055,16.835594,0.0,0.0,24.265469,35.385334,29.791662,84.92914,11.499023,11.374773,0.0,0.0,0.0,10.772449,22.271473,4.305216,74.88326,24.265469,0.0,-0.8519058,0.0,0.0,0.0,6.96
13.480257,-4.1687136,0.54541105,16.151516,468.531,1.0,32.23343,-2.3680286,3.2695317,1.8872167,0.0,10.023292,11.938611,13.212335,0.0,0.0,41.961655,10.58287,22.294638,66.22712,0.0,11.374773,0.0,6.923737,0.0,10.772449,29.425413,16.28949,12.132734,48.530937,11.823647,1.6549819,0.0,0.0,1.0,5.15
13.717517,-0.92837256,0.727487,24.424242,446.503,0.8787879,16.36688,-2.4995322,3.084465,1.4848961,0.0,11.81436,5.9693055,0.0,0.0,0.0,49.239845,35.549313,13.089513,70.784744,0.0,0.0,0.0,11.835813,0.0,0.0,36.934124,23.968546,4.8999095,29.165379,24.265469,0.4921427,1.0,0.0,0.0,5.96
14.21063,-1.9423225,0.029481137,15.784091,1247.324,0.53409094,16.377775,-2.6054344,1.9499542,2.324086,0.0,0.0,23.877222,4.794537,0.0,0.0,58.026783,25.614302,19.63427,35.895287,0.0,0.0,0.0,11.835813,0.0,0.0,5.5634513,18.747385,0.0,58.026783,0.0,7.2082467,0.0,0.0,1.0,7.2
13.615115,-4.309888,0.4183974,15.583333,511.556,1.0,32.23343,-2.3680768,3.3183315,1.8281747,0.0,10.023292,11.938611,13.212335,0.0,0.0,24.265469,10.58287,27.611427,60.66367,0.0,17.062159,0.0,0.0,0.0,10.772449,41.53362,4.305216,37.255573,35.231747,0.0,1.0491234,0.0,0.0,1.0,5.56
14.259438,-4.6086063,0.0947356,13.153846,756.78,0.65384614,32.234863,-2.4702094,3.8621948,1.6120629,11.648809,0.0,11.938611,27.032957,8.610432,10.197364,24.265469,24.010563,14.219595,95.57211,11.499023,0.0,0.0,0.0,0.0,0.0,11.499023,8.610432,74.88326,12.132734,0.0,-1.1879888,0.0,2.0,0.0,5.93
13.699974,-4.436635,0.2412598,11.571428,614.654,0.5952381,32.234863,-2.3684185,2.9780052,1.9212937,0.0,20.046583,11.938611,16.835594,0.0,0.0,24.265469,35.385334,35.91954,84.92914,11.499023,11.374773,0.0,0.0,0.0,10.772449,20.109455,0.0,87.016,12.132734,0.0,-1.8875188,0.0,0.0,0.0,7.34
13.637378,-4.3624053,0.2733324,13.476191,620.702,0.64285713,32.234863,-2.438155,2.9771228,2.0697317,0.0,0.0,11.938611,16.835594,8.610432,0.0,24.265469,24.010563,14.219595,83.92331,11.499023,0.0,0.0,0.0,0.0,0.0,11.499023,8.610432,88.73074,12.132734,0.0,1.5730963,0.0,0.0,0.0,6.21
13.607689,-3.8222873,0.36793208,17.692308,550.637,1.1794872,32.23343,-2.3522112,3.2368166,1.5587544,0.0,0.0,5.9693055,13.0996,4.305216,5.098682,35.54522,20.075377,13.654554,76.85111,11.499023,0.0,0.0,6.923737,0.0,11.0334015,22.532425,22.253805,4.305216,43.10474,44.17931,4.056742,0.0,1.0,0.0,7.38
13.103746,-3.4402044,0.4893467,16.235294,505.04,1.1764706,35.495693,-2.364775,3.1907542,1.6483368,0.0,0.0,5.9693055,17.404816,0.0,5.098682,54.27589,17.18746,7.047672,58.11119,0.0,0.0,11.60094,0.0,5.022633,11.0334015,28.94443,35.906067,4.305216,30.909882,24.265469,0.13342656,1.0,1.0,0.0,5.62
15.976313,-2.3692787,0.016609672,18.619883,2426.676,0.4385965,19.144278,-2.6107318,1.6604512,1.879689,35.757328,0.0,17.907915,4.390415,0.0,5.098682,17.346119,43.894825,71.99232,41.719692,5.7495117,4.390415,0.0,32.4557,0.0,0.0,16.884182,17.802383,24.265469,0.0,0.0,-3.2556534,0.0,1.0,1.0,8.52
14.47087,-4.5789847,0.1517407,13.206897,848.978,0.70689654,32.236195,-2.4291964,3.6337287,1.4319731,0.0,41.88423,0.0,34.697582,0.0,0.0,42.46457,36.807747,43.62403,131.95132,17.248535,11.374773,0.0,6.923737,0.0,0.0,28.313313,9.868668,94.1258,54.288216,4.722095,0.9084043,0.0,0.0,0.0,7.19
14.085431,-0.40045658,0.5870412,23.828571,470.533,0.9714286,16.18079,-2.4909701,3.523445,1.337511,5.8244047,11.81436,0.0,0.0,5.213385,10.197364,54.45323,23.713501,13.089513,76.609146,0.0,0.0,0.0,5.9179063,0.0,0.0,23.496063,43.23101,4.8999095,24.265469,23.09901,0.67444813,1.0,1.0,0.0,5.13
13.970463,-1.8873357,0.0336824,15.649351,1089.211,0.54545456,16.37282,-2.6056101,3.309403,2.307682,0.0,0.0,17.907915,0.0,0.0,0.0,77.289246,19.069544,6.5447564,35.895287,0.0,0.0,0.0,17.753717,0.0,0.0,5.5634513,33.10994,0.0,44.17931,13.847474,8.51226,1.0,0.0,0.0,5.57
14.259957,-4.363993,0.22579473,13.479167,691.828,0.8958333,32.234787,-2.4225974,3.4284215,1.6293916,0.0,25.953762,5.9693055,21.55769,0.0,0.0,54.094387,22.58815,29.404436,112.243484,5.7495117,11.374773,0.0,27.694948,0.0,0.0,39.254154,9.868668,13.176165,98.46753,6.923737,6.1992245,0.0,0.0,0.0,5.75
14.29628,-4.419632,0.1943605,13.34,721.854,0.94,32.234787,-2.422091,3.4690309,1.6214381,0.0,25.953762,5.9693055,21.55769,0.0,0.0,48.028023,24.29955,36.01132,106.68003,11.499023,11.374773,0.0,20.771212,0.0,0.0,33.690704,9.868668,31.375265,80.268425,6.923737,6.4416156,0.0,0.0,0.0,5.59
14.314169,-1.9136068,0.033724416,14.20482,1171.269,0.4939759,16.508514,-2.6082895,3.5371718,2.4785717,11.499023,0.0,17.907915,0.0,0.0,0.0,64.093155,33.28914,20.76435,59.65784,11.499023,0.0,0.0,11.835813,0.0,0.0,5.5634513,13.847474,32.418697,58.026783,0.0,8.325089,0.0,0.0,0.0,4.57
13.607689,-3.8222873,0.36793208,17.692308,550.637,1.1794872,32.23343,-2.3522112,3.2368166,1.5587544,0.0,0.0,5.9693055,13.0996,4.305216,5.098682,35.54522,20.075377,13.654554,76.85111,11.499023,0.0,0.0,6.923737,0.0,11.0334015,22.532425,22.253805,4.305216,43.10474,44.17931,4.056742,0.0,1.0,0.0,8.1
